model,phase,task,macro_IoU,macro_F1,IoU_ci_low,IoU_ci_high,F1_ci_low,F1_ci_high,n_tiles
Clay v1.0,E,change-binary,0.43090456445665914,0.6016634977345803,0.40450434125659973,0.4567953213363143,0.5755931533251086,0.626456934734267,88
Clay v1.0,E,change-multiclass,0.23311700374125494,0.3606333467024478,0.20291176678500666,0.2592611235138504,0.31908386449516873,0.39229050264235976,88
Clay v1.5,E,change-binary,0.3956755173702659,0.5656554226708346,0.370920051610473,0.41999182207625596,0.5397481600158517,0.5898200786863922,88
Clay v1.5,E,change-multiclass,0.20265207653240788,0.3209302341829645,0.17223544910484412,0.22814919942221523,0.27843180315804983,0.35200173969169746,88
Prithvi,E,change-binary,0.3621453397041479,0.5281562578600129,0.33626106257488125,0.3884890546896229,0.49995907877356116,0.5554275893702167,88
Prithvi,E,change-multiclass,0.16700991854475877,0.2734430144827408,0.14449878822186907,0.18749859895075388,0.23706728732211027,0.3026949985961391,88
DOFA,E,change-binary,0.4062106447236504,0.5763486086558058,0.3809137602063537,0.4322050955945674,0.5510532455096547,0.6018844966995626,88
DOFA,E,change-multiclass,0.20099830756051723,0.3216495178178797,0.17566473235387445,0.2218812228215798,0.2838706983197613,0.3504013495913158,88
TerraMind,E,change-binary,0.3694507452397747,0.5382315210837585,0.34608114288998976,0.39515671187625306,0.5132372390722366,0.564476968218362,88
TerraMind,E,change-multiclass,0.18843903639056725,0.30478698125778736,0.16504080228793291,0.2091609153619367,0.26937314206113716,0.33356413548155917,88
U-Net,E,change-binary,0.42011389034460594,0.5916489748902678,0.3955279917250563,0.4455265344861976,0.5668401200892018,0.6162562575778421,88
U-Net,E,change-multiclass,0.2068831602588106,0.3270892348191192,0.17240492896264026,0.23646671432782548,0.27780698229267115,0.36296114434276666,88
