,No change,Mature Tree Density Loss,Old Growth Density Loss,Forest Setback YoungLoss,Forest Stage Progression,Forest Density Gain,Early Forest Establishment,Clearcut Loss,Other Transition
No change,0.44959037626537923,0.004866167936986237,0.010831808035381337,0.0865156797665734,0.1538017253244657,0.007277395362201207,0.027789525787591602,0.031545277205488415,0.2277820443159329
Mature Tree Density Loss,0.11816510954673837,0.18724931857646857,0.0,0.08118468374502605,0.45317864021972365,0.0,0.0,0.0719592290851667,0.08826301882687668
Old Growth Density Loss,0.08028238454177324,0.0,0.5338901706937218,0.16070457661719606,0.0,0.0,0.0,0.03106382741372311,0.19405904073358576
Forest Setback YoungLoss,0.10157754428425483,0.0,0.0,0.48726095617353254,0.252941747068361,0.0003245209636109146,0.0,0.07587477463083081,0.08202045687940997
Forest Stage Progression,0.1767816107220374,0.025421676250863594,0.0,0.03843844787820579,0.6142908279444901,0.0017952868904877418,0.0,0.030993208787558634,0.11227894152635676
Forest Density Gain,0.3493318319252448,0.0,0.0,0.10331968793937961,0.14275280269755752,0.31324080180168973,0.0,0.023408901442098323,0.06794597419403003
Early Forest Establishment,0.22407639240934699,0.0,0.0,0.0,0.0,0.0,0.6539307137987465,0.0,0.12199289379190653
Clearcut Loss,0.06579416618052249,0.015886983640113747,0.005727946424307239,0.04530045495954105,0.03431634886152992,0.0,0.011714772995586986,0.5905044993815889,0.23075482755680968
Other Transition,0.43622002695202766,0.0,0.0,0.008529468534149641,0.024322553509848157,0.0,0.09984946060282256,0.007477261901352419,0.4236012284997996
